{"acc": [0.05170056223869324, 0.03678065538406372, 0.03361762315034866, 0.03196803107857704, 0.030596736818552017, 0.029431095346808434, 0.027726244181394577, 0.02716783434152603, 0.026311874389648438, 0.025637498125433922, 0.02357199415564537, 0.023487824946641922, 0.022873343899846077, 0.022386867552995682, 0.022188158705830574, 0.021778924390673637, 0.02200639620423317, 0.02069123275578022, 0.020286936312913895, 0.019790973514318466, 0.019857559353113174, 0.019591758027672768, 0.01971038430929184, 0.01962616667151451, 0.01903449557721615, 0.019082585349678993, 0.019129393622279167, 0.018784377723932266, 0.01810157299041748, 0.01832701452076435, 0.018430255353450775, 0.018591739237308502, 0.018330315127968788, 0.018426012247800827, 0.018109090626239777, 0.018171939998865128, 0.01814495027065277, 0.018164953216910362, 0.018016578629612923, 0.01790396124124527, 0.01764323189854622, 0.017547348514199257, 0.01732463762164116, 0.01774933747947216, 0.017576726153492928, 0.01711208187043667, 0.01759599708020687, 0.0171602014452219, 0.017023542895913124, 0.017010150477290154], "loss": [0.03572427108883858, 0.028237808495759964, 0.02693241648375988, 0.02587498538196087, 0.02492390014231205, 0.024679316207766533, 0.023508334532380104, 0.02301432006061077, 0.022760692983865738, 0.022705266252160072, 0.02253914065659046, 0.022433027625083923, 0.022277606651186943, 0.021948648616671562, 0.022498616948723793, 0.022520380094647408, 0.022740168496966362, 0.022314736619591713, 0.02276965044438839, 0.02233090251684189, 0.02218211255967617, 0.02198994904756546, 0.021964168176054955, 0.02236054465174675, 0.0221225768327713, 0.0210881307721138, 0.02196095511317253, 0.022125674411654472, 0.022358108311891556, 0.021958893164992332, 0.021285880357027054, 0.021863659843802452, 0.021750951185822487, 0.021686963737010956, 0.02160307765007019, 0.02196561172604561, 0.0219100471585989, 0.021346205845475197, 0.021359561011195183, 0.02109399624168873, 0.020953549072146416, 0.02158260904252529, 0.020934700965881348, 0.021712252870202065, 0.021726971492171288, 0.021396873518824577, 0.0221734419465065, 0.02150631509721279, 0.02211366407573223, 0.02208876423537731], "val_acc": [0.046400826424360275, 0.03562680631875992, 0.033519916236400604, 0.02139301784336567, 0.02855256199836731, 0.02603997476398945, 0.018626432865858078, 0.024725021794438362, 0.04513636603951454, 0.021923096850514412, 0.016719887033104897, 0.016792498528957367, 0.017152605578303337, 0.027328409254550934, 0.01652509532868862, 0.02410373091697693, 0.023241806775331497, 0.01739564538002014, 0.018084241077303886, 0.02234087511897087, 0.020533917471766472, 0.020594781264662743, 0.01662324368953705, 0.02013370580971241, 0.023156344890594482, 0.024419156834483147, 0.016763443127274513, 0.017227329313755035, 0.021396370604634285, 0.015856383368372917, 0.016980314627289772, 0.018717925995588303, 0.017439015209674835, 0.018042800948023796, 0.016578076407313347, 0.02003578096628189, 0.022591449320316315, 0.021732445806264877, 0.01411307044327259, 0.02076551504433155, 0.016163861379027367, 0.019164839759469032, 0.012928431853652, 0.017825812101364136, 0.015624630264937878, 0.014884685166180134, 0.014669280499219894, 0.015520929358899593, 0.016693484038114548, 0.017489276826381683], "val_loss": [0.024554623290896416, 0.020868340507149696, 0.022967759519815445, 0.01878531649708748, 0.022814711555838585, 0.01819325052201748, 0.018025819212198257, 0.019856927916407585, 0.021713662892580032, 0.020121384412050247, 0.01994527317583561, 0.018253272399306297, 0.018795756623148918, 0.019142834469676018, 0.01915728859603405, 0.019306588917970657, 0.01975974254310131, 0.019163789227604866, 0.020785415545105934, 0.02748781256377697, 0.02264108881354332, 0.019430892542004585, 0.01899872161448002, 0.020406175404787064, 0.020536305382847786, 0.020038213580846786, 0.022850336506962776, 0.023133669048547745, 0.025494158267974854, 0.023035019636154175, 0.023699574172496796, 0.018800916150212288, 0.020588446408510208, 0.01933557167649269, 0.023503581061959267, 0.023506423458456993, 0.02165275067090988, 0.019958633929491043, 0.018257826566696167, 0.024791955947875977, 0.022563543170690536, 0.01900639571249485, 0.019178878515958786, 0.022055404260754585, 0.023010939359664917, 0.019482990726828575, 0.02345440164208412, 0.019771788269281387, 0.020882481709122658, 0.02006348967552185], "epochs": [1, 2, 3, 4, 5, 6, 7, 8, 9, 10, 11, 12, 13, 14, 15, 16, 17, 18, 19, 20, 21, 22, 23, 24, 25, 26, 27, 28, 29, 30, 31, 32, 33, 34, 35, 36, 37, 38, 39, 40, 41, 42, 43, 44, 45, 46, 47, 48, 49, 50]}