{"acc": [0.006692978553473949, 0.0043919323943555355, 0.00442825211212039], "loss": [0.00043044338235631585, 0.0003403358277864754, 0.0003396841639187187], "val_acc": [0.005514403339475393, 0.002754299435764551, 0.004973638337105513], "val_loss": [0.0003410330100450665, 0.0003073694824706763, 0.00033467551111243665], "epochs": [1, 2, 3]}