{"acc": [0.04257623478770256, 0.026194365695118904, 0.021398641169071198, 0.018845174461603165, 0.017388418316841125, 0.016151700168848038, 0.014890455640852451, 0.014059728942811489, 0.013477492146193981, 0.012780443765223026, 0.012344582006335258, 0.012244376353919506, 0.012263688258826733, 0.01195146981626749, 0.011670254170894623, 0.011504276655614376, 0.01135297305881977, 0.011283126659691334, 0.010927204973995686, 0.010616199113428593, 0.010163460858166218, 0.009866316802799702, 0.009909252636134624, 0.009742225520312786, 0.00978302862495184, 0.009819618426263332, 0.009806222282350063, 0.009719343855977058, 0.009686991572380066, 0.009740758687257767, 0.009731302969157696, 0.009686185978353024, 0.009606737643480301, 0.009616733528673649, 0.009567528031766415, 0.009374620392918587, 0.009424375370144844, 0.009273036383092403, 0.009148851968348026, 0.00911316554993391, 0.008967326954007149, 0.009034832939505577, 0.009025130420923233, 0.008974811993539333, 0.00894002802670002, 0.00893219094723463, 0.008877350017428398, 0.00886787660419941, 0.008916095830500126, 0.008897685445845127], "loss": [0.004949126858264208, 0.002672010101377964, 0.0023322300985455513, 0.0021579719614237547, 0.0020472269970923662, 0.001940336893312633, 0.0018682839581742883, 0.0018238757038488984, 0.0017844210378825665, 0.0017387979896739125, 0.0017206200864166021, 0.0017010224983096123, 0.00170552683994174, 0.0016901921480894089, 0.001682076952420175, 0.0016778846038505435, 0.0016721541760489345, 0.0016654906794428825, 0.0016619093948975205, 0.0016439200844615698, 0.0016265320591628551, 0.0016240705735981464, 0.0016033088322728872, 0.0016021969495341182, 0.0016014410648494959, 0.0016016294248402119, 0.001600712537765503, 0.001599598559550941, 0.001595806097611785, 0.0015882833395153284, 0.0015926428604871035, 0.0015937701100483537, 0.001591309322975576, 0.0015930907102301717, 0.0015827721217647195, 0.001585703925229609, 0.0015903054736554623, 0.0015816949307918549, 0.0015875513199716806, 0.001578810508362949, 0.0015868511982262135, 0.0015834668884053826, 0.0015744842821732163, 0.0015752523904666305, 0.0015752649633213878, 0.001575180678628385, 0.0015681263757869601, 0.001565148588269949, 0.00156741077080369, 0.001573094050399959], "val_acc": [0.0192036721855402, 0.021714208647608757, 0.014642040245234966, 0.01395788136869669, 0.011932658031582832, 0.017361456528306007, 0.010875564999878407, 0.013680274598300457, 0.010832422412931919, 0.014156518504023552, 0.008761769160628319, 0.012788145802915096, 0.017005618661642075, 0.01177902054041624, 0.012125127948820591, 0.01564183458685875, 0.019169647246599197, 0.008780342526733875, 0.008577578701078892, 0.008550958707928658, 0.010557543486356735, 0.008069156669080257, 0.006954918149858713, 0.01281413622200489, 0.014485095627605915, 0.00834202766418457, 0.00891412515193224, 0.00902730692178011, 0.010878301225602627, 0.011625155806541443, 0.012759510427713394, 0.008126463741064072, 0.012595695443451405, 0.008931607939302921, 0.008033773861825466, 0.009688573889434338, 0.009739630855619907, 0.007252569310367107, 0.011908278800547123, 0.00797629076987505, 0.007583967410027981, 0.008150345645844936, 0.007621266413480043, 0.00859247799962759, 0.00867518875747919, 0.0067499917931854725, 0.008854026906192303, 0.007691747043281794, 0.00848779920488596, 0.00842121709138155], "val_loss": [0.002476160414516926, 0.002064894884824753, 0.0019112525042146444, 0.001838197116740048, 0.0017180354334414005, 0.0018019055714830756, 0.001570151885971427, 0.0017028850270435214, 0.001581424381583929, 0.001668546348810196, 0.0014548179460689425, 0.0015503945760428905, 0.0017524964641779661, 0.0015291488962247968, 0.001553910318762064, 0.0017753218999132514, 0.0018833044450730085, 0.0014532558852806687, 0.0015275534242391586, 0.0014539452968165278, 0.0015389707405120134, 0.0014925814466550946, 0.0014720861800014973, 0.0015796886291354895, 0.0015900805592536926, 0.0014892227482050657, 0.0014313142746686935, 0.0014702092157676816, 0.0015270512085407972, 0.001640585483983159, 0.0016657207161188126, 0.001546616549603641, 0.0015113616827875376, 0.0014709137612953782, 0.0015008138725534081, 0.001578587805852294, 0.0015658872434869409, 0.0014241461176425219, 0.0015349781606346369, 0.0015863121952861547, 0.001408052514307201, 0.0013999621151015162, 0.0014657131396234035, 0.001469570561312139, 0.0015221775975078344, 0.0014786089304834604, 0.0014705619541928172, 0.001380784553475678, 0.0014314166037365794, 0.0014617294073104858], "epochs": [1, 2, 3, 4, 5, 6, 7, 8, 9, 10, 11, 12, 13, 14, 15, 16, 17, 18, 19, 20, 21, 22, 23, 24, 25, 26, 27, 28, 29, 30, 31, 32, 33, 34, 35, 36, 37, 38, 39, 40, 41, 42, 43, 44, 45, 46, 47, 48, 49, 50]}